pdb_id,status,size_kb,reason
12CA,downloaded,202,
13RZ,failed,0,not found in PDB
13SA,failed,0,not found in PDB
13SB,downloaded,460,
13SC,downloaded,475,
13SD,failed,0,not found in PDB
13SE,downloaded,459,
13SF,downloaded,440,
13SG,failed,0,not found in PDB
13SH,failed,0,not found in PDB
13SI,downloaded,462,
13SJ,downloaded,458,
13SK,downloaded,457,
13SL,downloaded,465,
13SM,downloaded,459,
13SN,downloaded,452,
13SO,downloaded,450,
13SP,failed,0,not found in PDB
13SQ,downloaded,468,
13SR,failed,0,not found in PDB
13SS,downloaded,451,
13ST,failed,0,not found in PDB
13SU,downloaded,457,
13SV,downloaded,451,
13SW,failed,0,not found in PDB
13SX,failed,0,not found in PDB
13SY,downloaded,453,
13SZ,failed,0,not found in PDB
13TA,downloaded,453,
13TB,downloaded,443,
1A42,downloaded,205,
1A6Y,downloaded,228,
1A85,downloaded,162,
1A86,downloaded,138,
1AM6,downloaded,241,
1AU1,downloaded,353,
1AUI,downloaded,451,
1AVN,downloaded,216,
1AYE,downloaded,300,
1AZM,downloaded,211,
1AZV,cached,229,
1B3D,downloaded,283,
1B55,downloaded,291,
1B8Y,downloaded,163,
1BC8,downloaded,137,
1BCD,downloaded,218,
1BEN,downloaded,202,
1BH5,downloaded,567,
1BIC,cached,217,
1BIW,downloaded,287,
1BKC,downloaded,861,
1BN1,downloaded,244,
1BN3,downloaded,242,
1BN4,downloaded,244,
1BNN,downloaded,242,
1BNQ,downloaded,205,
1BNT,downloaded,205,
1BNU,downloaded,205,
1BNV,downloaded,240,
1BNW,downloaded,241,
1BQO,downloaded,280,
1BTK,downloaded,273,
1BV3,downloaded,211,
1BWN,downloaded,304,
1BY4,downloaded,375,
1BZM,downloaded,217,
1BZS,downloaded,162,
1C1U,downloaded,507,
1C1V,downloaded,504,
1C1W,downloaded,502,
1C3I,downloaded,290,
1CA2,cached,213,
1CA3,downloaded,204,
1CAI,downloaded,213,
1CAJ,downloaded,213,
1CAK,downloaded,216,
1CAL,downloaded,213,
1CAM,downloaded,213,
1CAO,downloaded,217,
1CAQ,downloaded,163,
1CAY,downloaded,215,
1CAZ,downloaded,214,
1CCS,downloaded,203,
1CCT,downloaded,201,
1CCU,downloaded,204,
1CGE,downloaded,187,
1CGF,downloaded,344,
1CGL,cached,341,
1CIL,downloaded,209,
1CIM,downloaded,210,
1CIN,downloaded,210,
1CIZ,downloaded,169,
1CNC,downloaded,201,
1CNG,downloaded,204,
1CNH,downloaded,203,
1CNI,downloaded,209,
1CNJ,downloaded,207,
1CNK,downloaded,206,
1CNW,downloaded,208,
1CNX,downloaded,209,
1CNY,downloaded,209,
1CQR,downloaded,283,
1CRA,downloaded,220,
1CVA,downloaded,203,
1CVB,downloaded,202,
1CVC,downloaded,204,
1CVD,downloaded,199,
1CVE,downloaded,202,
1CVH,downloaded,203,
1CY5,downloaded,171,
1CZM,downloaded,226,
1D0G,downloaded,579,
1D1S,downloaded,1057,
1D1T,downloaded,1056,
1D7X,downloaded,296,
1D8D,downloaded,570,
1D8F,downloaded,277,
1D8M,downloaded,280,
1DCA,downloaded,202,
1DCB,downloaded,201,
1DEH,downloaded,529,
1DG6,downloaded,158,
1DMT,downloaded,534,
1DSZ,downloaded,214,
1DTD,cached,291,
1DU3,downloaded,1053,
1E87,downloaded,122,
1EFQ,downloaded,107,
1EH6,downloaded,144,
1EH7,downloaded,145,
1EH8,downloaded,141,
1EOU,downloaded,212,
1ETE,downloaded,405,
1EV3,downloaded,110,
1EV6,downloaded,267,
1EVR,downloaded,263,
1EW2,downloaded,393,
1F0J,downloaded,557,
1F2W,downloaded,217,
1F5F,downloaded,167,
1FQL,downloaded,195,
1FQM,downloaded,199,
1FR7,downloaded,395,
1FRO,downloaded,547,
1G05,downloaded,271,
1G0E,downloaded,223,
1G0F,downloaded,212,
1G1D,cached,207,
1G3Z,downloaded,208,
1G45,downloaded,210,
1G46,downloaded,209,
1G48,downloaded,212,
1G49,downloaded,286,
1G4J,downloaded,216,
1G4K,downloaded,422,
1G4O,downloaded,210,
1G52,downloaded,204,
1G53,downloaded,210,
1G54,downloaded,205,
1G73,downloaded,357,
1G7A,downloaded,350,
1G7B,downloaded,332,
1GA5,downloaded,401,
1GEN,downloaded,206,
1GHQ,downloaded,457,
1GHX,downloaded,509,
1GHY,downloaded,533,
1GKC,downloaded,282,
1GKD,downloaded,287,
1GW6,downloaded,467,
1H19,downloaded,474,
1H2M,downloaded,286,
1H4N,downloaded,203,
1H9N,downloaded,204,
1H9Q,downloaded,192,
1HCA,downloaded,202,
1HCB,downloaded,217,
1HCQ,cached,373,
1HDX,downloaded,517,
1HDY,downloaded,519,
1HDZ,downloaded,511,
1HEA,downloaded,206,
1HEB,downloaded,206,
1HEC,downloaded,202,
1HED,downloaded,204,
1HFC,downloaded,148,
1HFS,downloaded,165,
1HKK,downloaded,305,
1HL4,downloaded,406,
1HL5,downloaded,1907,
1HML,downloaded,121,
1HP7,downloaded,289,
1HS6,downloaded,482,
1HSO,downloaded,532,
1HSZ,downloaded,542,
1HT0,downloaded,549,
1HTB,downloaded,516,
1HTV,downloaded,233,
1HUG,downloaded,215,
1HUH,downloaded,219,
1HY7,downloaded,300,
1I27,downloaded,144,
1I73,downloaded,294,
1I76,downloaded,293,
1I8Z,downloaded,215,
1I90,downloaded,211,
1I91,downloaded,210,
1I9L,downloaded,210,
1I9M,downloaded,217,
1I9N,downloaded,208,
1I9O,downloaded,215,
1I9P,downloaded,211,
1I9Q,downloaded,216,
1IAU,downloaded,206,
1IF4,downloaded,199,
1IF5,downloaded,202,
1IF6,downloaded,199,
1IF7,downloaded,208,
1IF8,downloaded,204,
1IF9,downloaded,214,
1ITQ,downloaded,526,
1ITU,downloaded,565,
1J2X,downloaded,91,
1J73,downloaded,108,
1J8F,downloaded,974,
1JAN,downloaded,191,
1JAO,downloaded,185,
1JAP,downloaded,150,
1JAQ,downloaded,186,
1JCA,downloaded,105,
1JCQ,downloaded,556,
1JCZ,downloaded,413,
1JD0,downloaded,412,
1JF1,downloaded,312,
1JJ9,downloaded,154,
1JK3,downloaded,287,
1JOC,downloaded,201,
1JV0,downloaded,411,
1KBC,downloaded,289,
1KL9,downloaded,150,
1KQ0,downloaded,287,
1KQ9,downloaded,282,
1KWM,downloaded,630,
1KWR,downloaded,212,
1KZO,downloaded,568,
1KZP,downloaded,564,
1KZY,downloaded,603,
1L6J,downloaded,313,
1LD7,downloaded,567,
1LD8,downloaded,582,
1LG5,downloaded,211,
1LG6,downloaded,213,
1LGD,downloaded,211,
1LHN,downloaded,165,
1LHV,downloaded,161,
1LPH,downloaded,122,
1LT8,downloaded,519,
1LUG,downloaded,814,
1LZV,downloaded,195,
1M6H,downloaded,568,
1M6W,downloaded,554,
1M9J,downloaded,581,
1M9K,downloaded,607,
1M9M,downloaded,612,
1M9Q,downloaded,615,
1MA0,downloaded,557,
1MA3,downloaded,202,
1MFM,downloaded,172,
1MMB,downloaded,204,
1MMP,downloaded,276,
1MMQ,downloaded,151,
1MMR,downloaded,149,
1MNC,downloaded,142,
1MOO,cached,394,
1MP0,downloaded,563,
1MQ0,downloaded,203,
1MSO,downloaded,187,
1MUA,downloaded,199,
1MZC,downloaded,582,
1N18,downloaded,1088,
1N19,downloaded,236,
1N4Q,downloaded,2841,
1NW9,downloaded,244,
1O86,downloaded,460,
1O8A,downloaded,464,
1OEZ,downloaded,380,
1OKL,downloaded,203,
1OKM,downloaded,207,
1OKN,downloaded,207,
1OQ5,downloaded,395,
1OQJ,downloaded,162,
1OS2,downloaded,778,
1OS3,downloaded,105,
1OS4,downloaded,223,
1OS9,downloaded,816,
1OXN,downloaded,434,
1OXQ,downloaded,436,
1OYN,downloaded,959,
1OZJ,downloaded,253,
1OZU,downloaded,403,
1P1V,downloaded,365,
1PI1,downloaded,154,
1PJP,downloaded,197,
1PL6,downloaded,1104,
1PL7,downloaded,1007,
1PL8,downloaded,1054,
1PTW,downloaded,942,
1PTZ,downloaded,230,
1PU0,cached,1078,
1PV8,downloaded,409,
1Q3A,downloaded,419,
1Q4V,downloaded,112,
1Q7L,downloaded,868,
1Q9M,downloaded,946,
1QF8,downloaded,303,
1QH3,downloaded,406,
1QH5,downloaded,398,
1QIA,downloaded,538,
1QIC,downloaded,487,
1QIN,downloaded,287,
1QIP,downloaded,611,
1QIY,downloaded,262,
1QIZ,downloaded,271,
1QJ0,downloaded,113,
1QR2,downloaded,451,
1R1H,downloaded,523,
1R1J,downloaded,506,
1R42,downloaded,492,
1R54,downloaded,175,
1R55,downloaded,190,
1R8Q,downloaded,595,
1RAY,downloaded,215,
1RAZ,downloaded,213,
1RHF,downloaded,290,
1RKP,downloaded,249,
1RM8,downloaded,165,
1RMZ,downloaded,283,
1RO6,downloaded,542,
1RO9,downloaded,510,
1ROR,downloaded,523,
1ROS,downloaded,287,
1RWE,downloaded,121,
1S4B,downloaded,493,
1S63,downloaded,572,
1SA4,downloaded,582,
1SG0,downloaded,376,
1SLM,downloaded,246,
1SLN,downloaded,190,
1SOS,cached,1053,
1SPD,downloaded,227,
1SQM,downloaded,472,
1SU3,downloaded,674,
1T64,downloaded,594,
1T67,downloaded,283,
1T9N,downloaded,202,
1T9R,downloaded,252,
1T9S,downloaded,531,
1TAZ,downloaded,272,
1TB0,downloaded,207,
1TB5,downloaded,490,
1TB7,downloaded,544,
1TBB,downloaded,539,
1TBF,downloaded,530,
1TBT,downloaded,208,
1TE3,downloaded,210,
1TEQ,downloaded,205,
1TEU,downloaded,207,
1TG3,downloaded,204,
1TG9,downloaded,203,
1TH9,downloaded,203,
1THK,downloaded,203,
1TN6,downloaded,583,
1TQ7,downloaded,258,
1TRZ,downloaded,127,
1TSR,downloaded,514,
1TTM,downloaded,211,
1TUP,cached,524,
1TW6,downloaded,210,
1TYL,downloaded,122,
1TYM,downloaded,120,
1U3T,downloaded,539,
1U3U,downloaded,595,
1U3V,downloaded,589,
1U3W,downloaded,574,
1UBD,downloaded,186,
1UDT,downloaded,248,
1UGA,downloaded,201,
1UGB,downloaded,201,
1UGC,downloaded,201,
1UGD,downloaded,201,
1UGE,downloaded,201,
1UGF,downloaded,204,
1UGG,downloaded,198,
1UHO,downloaded,250,
1UOL,downloaded,317,
1USN,downloaded,175,
1UTT,downloaded,162,
1UTZ,downloaded,285,
1UV0,downloaded,131,
1UVQ,downloaded,329,
1UXL,downloaded,1235,
1UXM,downloaded,1300,
1UZ9,downloaded,131,
1UZE,downloaded,450,
1UZF,downloaded,449,
1VEC,downloaded,318,
1VKG,downloaded,993,
1W22,downloaded,525,
1W4R,downloaded,1054,
1W8P,downloaded,258,
1WAA,downloaded,491,
1XB0,downloaded,508,
1XBT,downloaded,957,
1XCR,downloaded,458,
1XDA,downloaded,222,
1XEG,downloaded,212,
1XEV,downloaded,750,
1XI2,downloaded,377,
1XKI,downloaded,132,
1XLX,downloaded,502,
1XLZ,downloaded,509,
1XM4,downloaded,510,
1XM6,downloaded,534,
1XMU,downloaded,511,
1XMY,downloaded,504,
1XN0,downloaded,526,
1XOM,downloaded,570,
1XON,downloaded,568,
1XOQ,downloaded,546,
1XOR,downloaded,547,
1XOS,downloaded,269,
1XOT,downloaded,504,
1XOZ,downloaded,531,
1XP0,downloaded,276,
1XPZ,downloaded,211,
1XQ0,downloaded,215,
1XTG,downloaded,377,
1XUC,downloaded,303,
1XUD,downloaded,306,
1XUR,downloaded,311,
1XW7,downloaded,117,
1Y02,downloaded,99,
1Y2B,downloaded,545,
1Y2C,downloaded,540,
1Y2D,downloaded,562,
1Y2E,downloaded,519,
1Y2H,downloaded,496,
1Y2K,downloaded,562,
1Y8J,downloaded,514,
1Y8Q,downloaded,1187,
1Y93,downloaded,567,
1YC5,downloaded,213,
1YCS,downloaded,302,
1YDA,downloaded,205,
1YDB,downloaded,204,
1YDC,downloaded,201,
1YDD,downloaded,209,
1YJ6,downloaded,489,
1YO0,downloaded,198,
1YO1,downloaded,203,
1YO2,downloaded,198,
1YOU,downloaded,276,
1Z1L,downloaded,277,
1Z6U,downloaded,213,
1Z83,downloaded,493,
1Z8I,downloaded,262,
1Z8J,downloaded,257,
1Z93,downloaded,208,
1Z97,downloaded,205,
1Z9Y,downloaded,217,
1ZE8,downloaded,218,
1ZEB,downloaded,402,
1ZED,downloaded,764,
1ZEF,downloaded,404,
1ZEG,downloaded,128,
1ZEH,downloaded,137,
1ZFK,downloaded,227,
1ZFP,downloaded,115,
1ZFQ,downloaded,223,
1ZGE,downloaded,221,
1ZGF,downloaded,212,
1ZH9,downloaded,217,
1ZKL,downloaded,266,
1ZKN,downloaded,934,
1ZLI,downloaded,318,
1ZNJ,cached,275,
1ZP5,downloaded,155,
1ZS0,downloaded,167,
1ZSB,downloaded,204,
1ZSC,downloaded,202,
1ZTQ,downloaded,549,
1ZVX,downloaded,155,
1ZX1,downloaded,368,
1ZXC,downloaded,391,
1ZY7,downloaded,574,
2A25,downloaded,145,
2A2Q,downloaded,511,
2A66,downloaded,140,
2A8H,downloaded,392,
2ABE,downloaded,208,
2AC0,cached,716,
2AC3,downloaded,228,
2ADY,downloaded,344,
2AER,downloaded,508,
2AFM,downloaded,509,
2AFO,downloaded,498,
2AFS,downloaded,495,
2AFU,downloaded,503,
2AFW,downloaded,514,
2AFX,downloaded,515,
2AFZ,downloaded,514,
2AHI,downloaded,690,
2ATA,downloaded,672,
2AW1,downloaded,231,
2AX2,downloaded,213,
2B0O,downloaded,747,
2B4Y,downloaded,802,
2BIM,downloaded,321,
2BIN,downloaded,169,
2BIO,downloaded,169,
2BIP,downloaded,166,
2BIQ,downloaded,169,
2BO9,downloaded,847,
2BOA,cached,607,
2BQ8,downloaded,249,
2BZS,downloaded,383,
2C6C,downloaded,525,
2C6G,downloaded,512,
2C6P,downloaded,497,
2C7A,downloaded,202,
2C7M,downloaded,130,
2C7N,downloaded,608,
2C9S,downloaded,535,
2C9U,downloaded,484,
2C9V,downloaded,544,
2CA2,downloaded,212,
2CAB,downloaded,188,
2CB8,downloaded,354,
2CBA,cached,217,
2CBB,downloaded,214,
2CBC,downloaded,217,
2CBD,downloaded,216,
2CEI,downloaded,202,
2CH9,downloaded,137,
2CHI,downloaded,216,
2CHM,downloaded,300,
2CIH,downloaded,228,
2CIJ,downloaded,525,
2CLU,downloaded,196,
2CN6,downloaded,200,
2D1N,downloaded,280,
2D1O,downloaded,294,
2DDF,downloaded,403,
2E2D,downloaded,292,
2E88,downloaded,299,
2EH9,downloaded,108,
2ESL,downloaded,901,
2EU2,downloaded,408,
2EU3,downloaded,213,
2EZ7,downloaded,207,
2F14,downloaded,230,
2F6J,downloaded,432,
2F6N,downloaded,291,
2F92,downloaded,273,
2F94,downloaded,285,
2F9K,downloaded,277,
2FIR,downloaded,508,
2FJ9,downloaded,115,
2FM0,downloaded,976,
2FM5,downloaded,973,
2FMG,downloaded,210,
2FMZ,downloaded,211,
2FNK,downloaded,207,
2FNM,downloaded,204,
2FNN,downloaded,209,
2FOQ,downloaded,405,
2FOS,downloaded,439,
2FOU,downloaded,435,
2FOV,downloaded,426,
2FOY,downloaded,433,
2FSA,downloaded,434,
2FU5,downloaded,403,
2FV5,downloaded,409,
2FV9,downloaded,378,
2FW4,downloaded,391,
2FZE,downloaded,589,
2FZW,downloaded,599,
2G43,downloaded,183,
2G45,downloaded,299,
2G54,downloaded,1398,
2G9H,downloaded,483,
2GBT,downloaded,417,
2GBV,downloaded,1098,
2GD8,downloaded,233,
2GEH,downloaded,216,
2GFO,downloaded,301,
2GIV,downloaded,234,
2GLQ,downloaded,734,
2GP3,downloaded,504,
2GP5,downloaded,508,
2H0D,downloaded,171,
2H15,downloaded,215,
2H2D,downloaded,200,
2H2F,downloaded,188,
2H40,downloaded,247,
2H42,downloaded,713,
2H44,downloaded,272,
2H4F,downloaded,204,
2H4H,downloaded,206,
2H4J,downloaded,364,
2H4N,downloaded,198,
2H59,downloaded,389,
2H6F,downloaded,585,
2H6G,downloaded,574,
2H6H,downloaded,583,
2HD1,downloaded,490,
2HD5,downloaded,302,
2HD6,downloaded,220,
2HFW,downloaded,206,
2HH5,downloaded,358,
2HKK,downloaded,216,
2HL4,downloaded,228,
2HNC,downloaded,218,
2HOC,downloaded,221,
2HQH,downloaded,326,
2HU6,downloaded,289,
2HZC,downloaded,182,
2I3H,downloaded,361,
2I3I,downloaded,205,
2I47,downloaded,786,
2I7T,downloaded,309,
2I7V,downloaded,336,
2IBI,downloaded,314,
2IEJ,downloaded,589,
2IGQ,downloaded,433,
2IIM,downloaded,128,
2ILI,downloaded,405,
2IMS,downloaded,153,
2IMT,downloaded,149,
2IQJ,downloaded,199,
2IT4,downloaded,386,
2IU2,downloaded,201,
2IUL,downloaded,465,
2IYB,downloaded,537,
2J1W,downloaded,317,
2J1X,downloaded,326,
2J1Y,downloaded,614,
2J1Z,downloaded,325,
2J20,downloaded,325,
2J21,downloaded,315,
2JBJ,downloaded,543,
2JIH,downloaded,463,
2JJZ,downloaded,365,
2JLP,downloaded,566,
2NL9,downloaded,187,
2NLL,cached,238,
2NMX,downloaded,415,
2NN1,downloaded,412,
2NN7,downloaded,401,
2NNG,cached,415,
2NNO,downloaded,432,
2NNS,downloaded,436,
2NNV,downloaded,421,
2NNX,downloaded,436,
2NUT,downloaded,1080,
2NWO,downloaded,203,
2NWP,downloaded,202,
2NWY,downloaded,201,
2NWZ,downloaded,201,
2NXR,downloaded,202,
2NXS,downloaded,202,
2NXT,downloaded,215,
2NYR,downloaded,448,
2NYT,downloaded,527,
2O36,downloaded,493,
2O4Z,downloaded,210,
2O8J,downloaded,846,
2OC2,downloaded,437,
2OCJ,cached,570,
2OI0,downloaded,211,
2OLM,downloaded,136,
2OLY,downloaded,276,
2OLZ,downloaded,280,
2OM0,downloaded,773,
2OM1,downloaded,773,
2OMG,downloaded,167,
2OMH,downloaded,166,
2OMI,downloaded,251,
2OO4,downloaded,658,
2OOT,downloaded,583,
2OQ6,downloaded,558,
2OQ7,downloaded,524,
2OR4,downloaded,606,
2ORV,downloaded,276,
2OS2,downloaded,542,
2OSF,downloaded,205,
2OSM,downloaded,201,
2OT7,downloaded,547,
2OU2,downloaded,212,
2OU7,downloaded,249,
2OUN,downloaded,497,
2OUP,downloaded,494,
2OUQ,downloaded,482,
2OUV,downloaded,498,
2OUY,downloaded,484,
2OVX,downloaded,296,
2OVZ,downloaded,296,
2OW0,downloaded,293,
2OW1,downloaded,288,
2OW9,downloaded,322,
2OWB,downloaded,254,
2OX0,downloaded,569,
2OX8,downloaded,440,
2OXU,downloaded,275,
2OXW,downloaded,273,
2OXZ,downloaded,154,
2OY2,downloaded,538,
2OY4,downloaded,269,
2OZR,downloaded,1094,
2OZU,downloaded,258,
2P1H,downloaded,100,
2P2L,downloaded,476,
2P57,downloaded,116,
2P5B,downloaded,547,
2P6B,downloaded,789,
2PCU,downloaded,264,
2PCX,downloaded,184,
2PGQ,downloaded,270,
2PNX,downloaded,125,
2POI,downloaded,84,
2POU,downloaded,221,
2POV,downloaded,223,
2POW,downloaded,217,
2PQ8,downloaded,231,
2PQK,downloaded,168,
2PSR,downloaded,100,
2PSY,downloaded,195,
2PUY,downloaded,125,
2PVV,downloaded,567,
2PVW,downloaded,559,
2PW3,downloaded,504,
2PXJ,downloaded,521,
2Q1B,downloaded,223,
2Q1Q,downloaded,212,
2Q38,downloaded,219,
2Q8C,downloaded,522,
2Q8D,downloaded,528,
2Q8E,downloaded,530,
2QFA,downloaded,419,
2QIC,downloaded,74,
2QIU,downloaded,105,
2QMY,downloaded,369,
2QMZ,downloaded,376,
2QO8,downloaded,233,
2QOA,downloaded,232,
2QP6,downloaded,229,
2QPJ,downloaded,523,
2QR2,downloaded,446,
2QRA,downloaded,265,
2QWX,downloaded,401,
2QX4,downloaded,395,
2QX6,downloaded,378,
2QX8,downloaded,399,
2QX9,downloaded,361,
2QYK,downloaded,508,
2QYL,downloaded,261,
2QYM,downloaded,235,
2QYN,downloaded,499,
2R3A,downloaded,236,
2R59,downloaded,473,
2RAW,downloaded,168,
2RF5,downloaded,185,
2RFI,downloaded,468,
2RHK,downloaded,305,
2RI7,downloaded,179,
2RIQ,downloaded,138,
2RKU,downloaded,276,
2TCL,downloaded,150,
2USN,downloaded,168,
2UUR,downloaded,196,
2UVL,downloaded,166,
2UZ9,downloaded,338,
2UZI,downloaded,327,
2V0A,downloaded,529,
2V1X,downloaded,770,
2V4B,downloaded,443,
2V5W,downloaded,591,
2V5X,downloaded,547,
2V77,downloaded,509,
2V83,downloaded,223,
2V85,downloaded,174,
2V88,downloaded,181,
2V89,downloaded,291,
2V9K,downloaded,384,
2VAC,downloaded,133,
2VD7,downloaded,542,
2VJ8,downloaded,484,
2VJE,downloaded,215,
2VJF,downloaded,217,
2VJZ,downloaded,129,
2VK0,downloaded,129,
2VM5,downloaded,102,
2VNF,downloaded,224,
2VP7,downloaded,112,
2VPB,downloaded,103,
2VPE,downloaded,181,
2VPG,downloaded,194,
2VQJ,downloaded,316,
2VQM,downloaded,318,
2VQO,downloaded,530,
2VQQ,downloaded,566,
2VR6,downloaded,561,
2VR7,downloaded,294,
2VR8,downloaded,515,
2VRW,downloaded,438,
2VSL,downloaded,110,
2VTG,downloaded,112,
2VUK,downloaded,335,
2VVA,downloaded,275,
2VVB,cached,280,
2VZ5,downloaded,255,
2W0D,downloaded,611,
2W44,downloaded,139,
2W4L,downloaded,663,
2W5Y,downloaded,155,
2W5Z,downloaded,168,
2W9N,downloaded,143,
2WC8,downloaded,340,
2WCB,downloaded,191,
2WD2,downloaded,267,
2WD3,downloaded,275,
2WEG,downloaded,271,
2WEH,downloaded,253,
2WEJ,downloaded,259,
2WEO,downloaded,259,
2WFQ,downloaded,147,
2WFR,downloaded,152,
2WGX,downloaded,330,
2WJY,downloaded,569,
2WKO,downloaded,252,
2WM1,downloaded,266,
2WND,downloaded,112,
2WO8,downloaded,547,
2WO9,downloaded,569,
2WOA,downloaded,548,
2WOR,downloaded,109,
2WOS,downloaded,110,
2WS6,downloaded,535,
2WVJ,downloaded,1016,
2WWZ,downloaded,291,
2WX0,downloaded,475,
2WYT,downloaded,920,
2WYZ,downloaded,274,
2WZ0,downloaded,261,
2WZ5,downloaded,481,
2WZ6,downloaded,276,
2X0U,downloaded,353,
2X0V,downloaded,346,
2X0W,downloaded,338,
2X7S,downloaded,264,
2X7T,downloaded,254,
2X7U,downloaded,257,
2XB1,downloaded,326,
2XEF,downloaded,1070,
2XEG,downloaded,1055,
2XEI,downloaded,1047,
2XEJ,downloaded,1052,
2XEU,downloaded,146,
2XJK,downloaded,250,
2XJL,downloaded,261,
2XJY,downloaded,250,
2XOC,downloaded,689,
2XOZ,downloaded,350,
2XP0,downloaded,665,
2XUE,downloaded,1204,
2XUM,downloaded,298,
2XWC,downloaded,319,
2XWR,downloaded,337,
2XY9,downloaded,480,
2XYD,downloaded,917,
2Y0J,downloaded,480,
2Y1H,downloaded,692,
2Y1N,downloaded,583,
2Y33,downloaded,189,
2Y43,downloaded,274,
2Y6C,downloaded,155,
2Y6D,downloaded,157,
2Y6E,downloaded,2756,
2YAC,downloaded,237,
2YB9,downloaded,526,
2YBG,downloaded,593,
2YBK,downloaded,525,
2YBP,downloaded,585,
2YBS,downloaded,572,
2YDM,downloaded,429,
2YHO,downloaded,640,
2YHW,downloaded,476,
2YHY,downloaded,467,
2YI1,downloaded,455,
2YIG,downloaded,520,
2YKG,downloaded,931,
2YMK,downloaded,202,
2YVR,downloaded,101,
2ZCB,downloaded,198,
2ZED,downloaded,540,
2ZEE,downloaded,525,
2ZEF,downloaded,527,
2ZEG,downloaded,517,
2ZEH,downloaded,533,
2ZEL,downloaded,515,
2ZEM,downloaded,509,
2ZEN,downloaded,521,
2ZEO,downloaded,524,
2ZEP,downloaded,509,
2ZKW,downloaded,214,
2ZKY,downloaded,999,
2ZNE,downloaded,289,
2ZNR,downloaded,317,
2ZNV,downloaded,503,
2ZVL,downloaded,1060,
3A1A,downloaded,152,
3A1B,downloaded,147,
3ASL,downloaded,165,
3AVE,downloaded,647,
3AVR,downloaded,1052,
3AVS,downloaded,1008,
3AYU,downloaded,278,
3B08,downloaded,1192,
3B0A,downloaded,606,
3B4F,downloaded,215,
3B7R,downloaded,496,
3B7S,downloaded,923,
3B7T,downloaded,435,
3B7U,downloaded,474,
3B8Z,downloaded,373,
3B92,downloaded,218,
3BET,downloaded,223,
3BHX,downloaded,594,
3BI0,downloaded,591,
3BI1,downloaded,1121,
3BJC,downloaded,293,
3BKK,downloaded,455,
3BKL,downloaded,459,
3BL0,downloaded,215,
3BL1,downloaded,213,
3BO5,downloaded,242,
3BPU,downloaded,97,
3BXM,downloaded,573,
3BXQ,downloaded,171,
3C0Y,downloaded,783,
3C0Z,downloaded,785,
3C10,downloaded,803,
3C2S,downloaded,352,
3C3U,downloaded,273,
3C5K,downloaded,112,
3C6W,downloaded,133,
3C7P,downloaded,226,
3CA2,downloaded,217,
3CAJ,downloaded,226,
3CBB,downloaded,215,
3CH5,downloaded,209,
3CHO,downloaded,481,
3CHP,downloaded,454,
3CHQ,downloaded,464,
3CHR,downloaded,466,
3CJJ,downloaded,198,
3CKI,downloaded,296,
3CM2,downloaded,852,
3COS,downloaded,1087,
3CQP,downloaded,428,
3CQQ,downloaded,209,
3CWW,downloaded,1445,
3CYU,downloaded,244,
3CZT,downloaded,192,
3CZV,downloaded,409,
3D05,downloaded,164,
3D06,downloaded,302,
3D07,downloaded,307,
3D08,downloaded,173,
3D09,downloaded,170,
3D0A,downloaded,682,
3D0N,downloaded,442,
3D0Y,downloaded,192,
3D10,downloaded,185,
3D1M,downloaded,408,
3D2Q,downloaded,244,
3D2S,downloaded,289,
3D3P,downloaded,284,
3D7D,downloaded,594,
3D7F,downloaded,597,
3D7G,downloaded,593,
3D7H,downloaded,589,
3D7V,downloaded,153,
3D8C,downloaded,291,
3D8W,downloaded,207,
3D92,downloaded,415,
3D9T,downloaded,187,
3D9U,downloaded,102,
3D9Z,downloaded,194,
3DA2,downloaded,422,
